{"version":3,"hash":{"type":"Buffer","data":"4XPBt7xa4EdS91hB/CRlwspskBXYMyhcT4wyCmItSaNMZ7n1cy9SGZ7PAOT0ac6wFEIad9V0EoYdxxj03y0vnzmSK1Uwd7C1gaqmdRD40bK4Oo2Ue0H5dD2maOMepWxTIipAWhYnzlNs1Dn7NBSOiaUs+fLG4Rv2NIFvQueyZGg="},"indexValueMap":{"gW2WvEcIxNFZnycESStj3gW7hgHz5qybtMEDBBEy4SU=":{"valueMac":{"type":"Buffer","data":"RaOD4D/d7UA9MoGZcmNvfQLdZA3PYjZPY0sCeiaUtFI="}},"9Lrhm2gUoWxTHWz7q7yw9Hj8HcfupnW9vn0I+kInoP8=":{"valueMac":{"type":"Buffer","data":"1h+lkG3l0WRxMHq2iWoFHqPmDd6wTmxuyBBGWWMLjG0="}},"LP9iAu2qHIS0RsUi+7qnW+HRTh2KIKDkk+XZhISP1i8=":{"valueMac":{"type":"Buffer","data":"Zm7clCb7ssfMJt+cBH+mDX/AVDvHD4e5AbnE+Bks5J0="}},"m3wYLsB7nufB1vmLqBlymoFEWcYoXY/lj6XkID+q9FE=":{"valueMac":{"type":"Buffer","data":"/Eh5jw0+EBt9JA6ipaOdM0wvAsYJ6CnuZUkAhQ1RD2g="}},"sncR1wuy9htX4FnSafjn78sjvm1ImZFMB+kNk4WdSOE=":{"valueMac":{"type":"Buffer","data":"A22CI937YZYTa/o6ZuzY8Ss8UstpG/5onFi6FTa3faw="}},"M3EpEE+d8D9hfMXuMUO6WUHB/WywQINR2HqhMGjLLqU=":{"valueMac":{"type":"Buffer","data":"22oKX9/0f7m/bizoqZW5UmMI5B1GeOmHd6aeaWNSSK0="}},"E2TNkla7IX3krhnfylBDhuhZ/VKAITWmy1Cw3kPyaLE=":{"valueMac":{"type":"Buffer","data":"ppkaaDgjiTqdnaXWtI9ajjTK7+0740fAF2gi297P+R4="}},"MEH/tlPEuLH8BsWyAubP/JRXWte6Z8vqY/b2GY6ZCTc=":{"valueMac":{"type":"Buffer","data":"mYIlFnC1xEREVda71wMXEkJpLQhrYJMN+VfTAvWoo3k="}},"zY2+q/uksXyysTi23UmGTtBTAJy9gWeiT524EIwmS2U=":{"valueMac":{"type":"Buffer","data":"xK1UmaI/gyv2n1OMfNz1HZz25Dg7ucFPWgr/6qWvzxA="}},"7ZMU89ueIXO0FdyrKgOLwwuCmzbwAafZj8XcQhS0msA=":{"valueMac":{"type":"Buffer","data":"0hDsO16nclbPrlQtHyTAViXCyrxdHgQSn6uvQ9i1StE="}},"4mCxstk7lNHUPf4KPx0Xme0t3N6Vf0jVrGPWiMu7CCg=":{"valueMac":{"type":"Buffer","data":"h6hKrHlOE5t9mTpJy/hyJDZ4hn9oC2i1jtyZoFVU3l8="}},"IzHgWJ7HN0jhoY4n9rXqj/UMrzecYFbnK3MbbYgUaoE=":{"valueMac":{"type":"Buffer","data":"kOG+CclcylMazDClv1bNt60lvbMzZ8bn/tzBVtPiu54="}},"oJ7HazGDNWY+Ytq4IlEraPAIrOf24R34MfF4eUUN78s=":{"valueMac":{"type":"Buffer","data":"S+7F8eJR8tbzaElXnsoFt9QG6m3oduILi84zLTzl040="}},"Lb58Ysiq/RhYSkf7SlUpePPzcZ9CDVN5ayLPbheW1zI=":{"valueMac":{"type":"Buffer","data":"g/aTltR8LuWSjhfnDDjSjR9wRNTDr1HX4wtd35a76Zk="}},"s2nWw3boXJ7PcvrFHv8iDcWbRXmRpRjBfqkWbexfiH4=":{"valueMac":{"type":"Buffer","data":"M1kMybsrNcktavO2tqfQxhVNohKFdF1CJAFxc80ASwE="}},"5/9AcOCrScN1UaeeI0v8+NFg7IrMmmL7VSzJ9jp1O9I=":{"valueMac":{"type":"Buffer","data":"n6LWAofkkfbKmgPLDp1t+8b1c+QzVjnKPEFTSQL2nUU="}},"pOuu1YPv8+75pnsEZxTocAI1yrWt8yY4LSdNJQ5tbBg=":{"valueMac":{"type":"Buffer","data":"DTHrwSO28szaLZMG6ZoFYnIKqtYNnjQdCWzoPqPlNKk="}},"oBK87KYGNqnQ4U3qWtS7UrXuaBZJjlth50ZS37G2FbA=":{"valueMac":{"type":"Buffer","data":"9tOD+W9/Fo/rCbk8yQq3mbOkNwmPinxeDqW3SeOsiNM="}},"WZ5DVHHyl0KM+t/luuxKfjNRUZhf04APVm3z7MDIVBY=":{"valueMac":{"type":"Buffer","data":"EIn/m5zcwgE1rH1uhmxOCX4HgaD6YdsqZCCBexwHcVM="}},"qBKQM3b2j/C9Z0IPfC04NUEaMzqKQpGNf3fl9JvqS3w=":{"valueMac":{"type":"Buffer","data":"VLQEgJbWSMQCoR4pj4SzRBcw0/R6alkeIdY8pw6CMD0="}},"lgbQ2CWRz6oeOaJYOQDc2rJKMNL+g6luE/8wAg/oMxk=":{"valueMac":{"type":"Buffer","data":"5wyeJfHNMWtaePG/WjvgCTEuYZgId+DpDGXC8Ayl8h4="}},"ITRhfD/n1h7Gv9OBHwv2yO35yVfAAm/Zo3tOhQxwQRs=":{"valueMac":{"type":"Buffer","data":"wBqTk5tCL9VkOV9s6rNULUn9eOtoXGtl9YFsu3jaSM0="}},"71DGOqfflWa00jMpIpgi4A4LTPTDMWkrdXSvo+Y6rK8=":{"valueMac":{"type":"Buffer","data":"fw35r8GxP/N41DYbS3gfDz6dS8N/zRwvdvgBrCk13pw="}},"1YT1vgOZUWvv/j50KHYnXoo9eC6Xqem0F2Axiopfuj8=":{"valueMac":{"type":"Buffer","data":"ouJmRZjOvxBVimsK4gpbIvwugCi/6Senjpjk2xdcA4c="}},"txSY/JGLeZfGQgxRzurLwaUPIiDc8e910fk4d4tIp0A=":{"valueMac":{"type":"Buffer","data":"zOS7QKTm5McsksDSSLXLFFgqnV9Sx0AdsCdoQhcQ8V8="}},"ns9sjlSEKjXD/yULiQ1EV2p3PjPVeCuxH0WY2yWpgQY=":{"valueMac":{"type":"Buffer","data":"pBvVMMMCEc9sBd7gz0dLyKINh+wELSE2BUL3r8sBq1s="}},"uwpEJ3DCDvlnS6XtcpEP4suiZgQjO3xCPzPKzdlT3rs=":{"valueMac":{"type":"Buffer","data":"s+3MRFZ5vd1e87HVS4qxc6VOjMGj1Bz90FKWU/NEEdA="}},"JLY/KKji4MV5oAuG2b+wSFqoTneHjOHqC2hig/i+xco=":{"valueMac":{"type":"Buffer","data":"aK9GJdTDYq9cvJ1sdlyHz8Sh7Izas6gPDNwY9EYizdM="}}}}