{"version":2,"hash":{"type":"Buffer","data":"Dubu1O0myfws3G5so3i3j9XVg4J4aiQSO3AeudPBtIyR5lEKVV3ca2s/uJvWdZFVogXUzPq0ybEVGCuy0vFmJ3MOKzgpoGWIi7M56gLWxPvObEsOF3koMru4rkMS+x6ozwdminwsruYyOAHcUcKh4lp2ZtbCOskxHkYJhIc6lKE="},"indexValueMap":{"Y1xjWKqHIw8M001gqGt7O7ZKubg/3ByfRgv4waOw7og=":{"valueMac":{"type":"Buffer","data":"0Clr6K2biU7u8V4P7k6Ba+TbV3CG138O4rXwFmAmGQg="}},"AFe2AVGdraC1DxodduMvecHFCWhyA/Avt0pmRnhqlpA=":{"valueMac":{"type":"Buffer","data":"wQbhyC2JWa2GV3mvVfNZeGyUk605LnMWszH7KacRFNg="}},"mAilrWKw2RWY2Zj7EOCLG2uqF9aMiNw9r1vrT2RB690=":{"valueMac":{"type":"Buffer","data":"ozmNLwECVh0tdZadoxOJh6jFI/6KRkv+wgURdEKDui4="}},"7jwzhBLw36rTkhAKN++eyUCoa35qXOEcJPgN5GYmclM=":{"valueMac":{"type":"Buffer","data":"OK0qCdZ3DpdqYuF8v+eCrdl8Zilm1pg1r4GxSBYc6xs="}},"0RKwbZOSaRmXMPZzX/8cHPRCu7WnTDJhFuH8ACrYAR8=":{"valueMac":{"type":"Buffer","data":"elqZYOI5wXe1Z1+PLwtMCx7qeKLMoIxZ9shgMsr6Dt8="}}}}