{"version":3,"hash":{"type":"Buffer","data":"uCrvU/cc/tazTCY7XRyZg9pRIbDwTiwBooA7wUwthSwkkl2WZn8pwwdBDeykXhMhFnL0BMAp9y8wzXu3JeK7jMHa2FFxIfpkpgFibrMmwwD14IRXh3Kb2bdXnQMaeknw80XfE+s6Vh53R8sqkT6EN8SrVjXZrn+ZFb2bP/NCfC8="},"indexValueMap":{"cjyH1Xs8GjTru+d5WWsW5Ugq26glpdRwKdW3KQf1gA4=":{"valueMac":{"type":"Buffer","data":"asHvyDJRt2JlcY4fNCvrxvUXldYrCJgPFw9n4xJRPeg="}},"YF6ZWMq3eZgyobeuy8XASz0RVNqpi4xdUNktxMbmrAE=":{"valueMac":{"type":"Buffer","data":"o24VrFPsTX7ePJdA+3vxLYkaRqlPNGN+Wvsda97d6KA="}},"/eL/SgRh1LF5TPovT/XW998lAJ9nO79oZwNMmaV8HEM=":{"valueMac":{"type":"Buffer","data":"GL1vgr8jQuJCFzKRL/tdX9w3V9TSspP+4L1lgEdxtwE="}},"3osc7jbkRqMoH+zCUYRtfuCwZRXYqTuS4qnDd6KVq6E=":{"valueMac":{"type":"Buffer","data":"GgDo2wbYo7Cv8Rsbwm8vl+VwwkHHdUl/dd8aB9Vk7OU="}},"ZssXB3S5aFYnaWIadnXWwDv9q6FwhM2G5WrLBj4N61w=":{"valueMac":{"type":"Buffer","data":"qWd0Vqu+cPk0GvqV3GM7RqSCrZwOwnRnznimXxkcDJw="}},"Tmq/Zq7US/DtXK4t6oK/9sYLO12gqGv8HAW+LYJTLYM=":{"valueMac":{"type":"Buffer","data":"r8r/pOAxwqySBLOp8LFQ/5uAeUTma1fH44sXSMdjC84="}},"cNfnn8eiJ3NxVBn+r6m/sthrwCukxlOivAtcmFb1zlM=":{"valueMac":{"type":"Buffer","data":"QBjJmux2d+ZC/qOfJUnHhnz26pKpQmnJkttac+11ByQ="}},"/V7nXtEr59flrohyVnXSrxdAjRScsBRidHWDPAkDAk0=":{"valueMac":{"type":"Buffer","data":"cy5sFq1gWnG9ASBsN6UPJg67OasvbsBDwADr3F61SJE="}},"lz3PbyWOkS5whX7BA/IvMI1Eb7OM8B15JOCcr3V432Q=":{"valueMac":{"type":"Buffer","data":"kqjcQkbFRcdQ02+FRtDcccI4KOIdgd5FMO0awzQD2jg="}}}}