{"noiseKey":{"private":{"type":"Buffer","data":"OLfrn+LZncvyRVN31ZaJtE1y6uh+hh044xANs0iEw0Y="},"public":{"type":"Buffer","data":"pyQP6Qeyb9zR4wXoKxTlr2KhDyMGJX8/4BBiAXuIFiA="}},"signedIdentityKey":{"private":{"type":"Buffer","data":"4FUga0vvhx47pXWObTGuUYlO3oJt2H9nvJLJHJ+RjEY="},"public":{"type":"Buffer","data":"zDtcV8xgwkd1mZJHecjYX1DxgLQiOBjcRJatXLkI/Vc="}},"signedPreKey":{"keyPair":{"private":{"type":"Buffer","data":"AE5GNzBaNO8V5TaLZgJy6E3Nw72aJL30FGu065p3tm4="},"public":{"type":"Buffer","data":"F5YB+vzn8DdFda45VBTszyfqdl/KCaawRbx2gr7B5S4="}},"signature":{"type":"Buffer","data":"Jlwq1cg81vxgqC3Lh2hKGuIZlJB2XRLKIPJcCsKmQPsgQ9ejLWZaZcY5+Q+19fPhFFs44W3cJrwEppHc10Qujw=="},"keyId":1},"registrationId":21,"advSecretKey":"UfraR74D+wyHWca7w4kZsAAkZh60ke+LpJM7qr/6bDY=","processedHistoryMessages":[{"key":{"remoteJid":"62838309396951@s.whatsapp.net","fromMe":true,"id":"72038D2B7195395B44BF1BAED093B4DE"},"messageTimestamp":1680029114},{"key":{"remoteJid":"62838309396951@s.whatsapp.net","fromMe":true,"id":"872927370A4907DBD1E29596960F707B"},"messageTimestamp":1680029114},{"key":{"remoteJid":"62838309396951@s.whatsapp.net","fromMe":true,"id":"AF974F37885AA0CD1CC2D1D3EE94CFD1"},"messageTimestamp":1680029116},{"key":{"remoteJid":"62838309396951@s.whatsapp.net","fromMe":true,"id":"F52EDD1870207AF0F58633F2546AFA6E"},"messageTimestamp":1680029116}],"nextPreKeyId":32,"firstUnuploadedPreKeyId":32,"accountSyncCounter":1,"accountSettings":{"unarchiveChats":false},"account":{"details":"CInVseIGELbrjKEGGAE=","accountSignatureKey":"obtmC87K8zgoR1GZVlAauW3GADi2OJj2+kwy0q9Bck0=","accountSignature":"mqc3p/nYcihIRMIlfU49BtnQNojiWT0sY6tj7jQrTlMzdUkHRrnsT1GOclq4qHf2tCcmOV+18t80BObGoC6yBA==","deviceSignature":"Nlt+Jgff8ujtu1zXrysudYtgSVxpi+kFygpjXB1+76FpFssCzb4+wWytI27YOvNYw6zdG/pq9hpC1Mi4C18FgA=="},"me":{"id":"62838309396951:1@s.whatsapp.net","name":"BEIMING-BOTz","jid":"62838309396951@s.whatsapp.net"},"signalIdentities":[{"identifier":{"name":"62838309396951:1@s.whatsapp.net","deviceId":0},"identifierKey":{"type":"Buffer","data":"BaG7ZgvOyvM4KEdRmVZQGrltxgA4tjiY9vpMMtKvQXJN"}}],"platform":"smba","lastAccountSyncTimestamp":1680029431,"myAppStateKeyId":"AAAAALlW"}