{"_sessions":{"BXFJhAYojtUe6jmIGZTpD6yNnrFH1BR8B/nBH/ngy5Qr":{"registrationId":313908453,"currentRatchet":{"ephemeralKeyPair":{"pubKey":"BUErR+y9GdNsYNArtMg6XgDgrYj2lhpNKi6YUn3iBpt0","privKey":"uH6GQtZoNcX0JjVXuYuT89JwXAUFaKKjTnChbR/9Nmg="},"lastRemoteEphemeralKey":"BSlGjoBujlLj1IkgrIcqS3Rp6LayXg/16V7opDYgUus2","previousCounter":2,"rootKey":"XGoyUI0fWwnzlHZBHS0gugL5GyVi/M5Aogz5USaEfNc="},"indexInfo":{"baseKey":"BXFJhAYojtUe6jmIGZTpD6yNnrFH1BR8B/nBH/ngy5Qr","baseKeyType":1,"closed":-1,"used":1680035313444,"created":1680035252270,"remoteIdentityKey":"BUGZudbYCjG6TxA8NbJMzpOg+ri5AzYhgUxRWE0+R34t"},"_chains":{"BaG7CfJQ3laEFT5sS2nX1XtkDhFuqEJSb+xzWPc8SqJw":{"chainKey":{"counter":1},"chainType":2,"messageKeys":{}},"BSlGjoBujlLj1IkgrIcqS3Rp6LayXg/16V7opDYgUus2":{"chainKey":{"counter":0,"key":"jOwFjl35rUGawzWPJnvEmpzWrteVABHloq+EVpKBWFs="},"chainType":2,"messageKeys":{}},"BUErR+y9GdNsYNArtMg6XgDgrYj2lhpNKi6YUn3iBpt0":{"chainKey":{"counter":0,"key":"4c146f/0IN/q7ksr1J6XMJ0Bvab2o9eLpNbkiq6v1+k="},"chainType":1,"messageKeys":{}}}}},"version":"v1"}