{"_sessions":{"BQoxzRMFJi8wIVzWo/MmN4/Ev7kdc8mrmnVmAM8m78Y3":{"registrationId":174397046,"currentRatchet":{"ephemeralKeyPair":{"pubKey":"BZJP5nHPDSgOT+p7MRrPj6DmhbphUFBUFCLbbCn5QAFq","privKey":"kBpNmzHt8bbZIgxpwtSb/JiTBec9ABSCNkmgRYg4KWY="},"lastRemoteEphemeralKey":"Ba8PiZxrFg5bXqphI5W1HMB0RKP2vOlRIRso4p7TvgVI","previousCounter":3,"rootKey":"XfjJmH9GrcLi5EJGI3zFsApG25cfstI04/66regKFXw="},"indexInfo":{"baseKey":"BQoxzRMFJi8wIVzWo/MmN4/Ev7kdc8mrmnVmAM8m78Y3","baseKeyType":2,"closed":-1,"used":1680031305056,"created":1680029114613,"remoteIdentityKey":"BaG7ZgvOyvM4KEdRmVZQGrltxgA4tjiY9vpMMtKvQXJN"},"_chains":{"BUKiKWC5s0yPcxkvswXwb3waov1/T3W5JchpNhQFOV5r":{"chainKey":{"counter":8},"chainType":2,"messageKeys":{}},"Bafd6cQKc6oeRYsORYzRFnGZDQFPj8olEv3uBs6PkT1W":{"chainKey":{"counter":0},"chainType":2,"messageKeys":{}},"BXPkOQ14P++mOVzLgBhERCkUNJV5k8OV+JOuOjPew4ly":{"chainKey":{"counter":0},"chainType":2,"messageKeys":{}},"Ba8PiZxrFg5bXqphI5W1HMB0RKP2vOlRIRso4p7TvgVI":{"chainKey":{"counter":0,"key":"LpbFZB6Z3oAC5tX4LLUd3QAOI9IWvVLCmXB/p6Ccvm4="},"chainType":2,"messageKeys":{}},"BZJP5nHPDSgOT+p7MRrPj6DmhbphUFBUFCLbbCn5QAFq":{"chainKey":{"counter":40,"key":"k3xY1VI1g6PmpXhTZX7g3xAIf5SbcAKyAV7UCgktaME="},"chainType":1,"messageKeys":{}}}}},"version":"v1"}