{"_sessions":{"BQ041kIACcMU297+rS0i/Bgn+2Hwj4tg5hGfapMOl8AM":{"registrationId":1663013962,"currentRatchet":{"ephemeralKeyPair":{"pubKey":"BRsrIRmocIOaTrgEgscmdTA983CoiRjt0JsalX01exxr","privKey":"iDPYg3n0AztuHBlfo15kuYJOWC8ty0mcEgRt3Fhehlw="},"lastRemoteEphemeralKey":"BZ5kZ1oBscno9pUhXgaGs/q28P8+Ek+6XeaJG7jRAIUy","previousCounter":0,"rootKey":"cI8pFuRXeu6G6l7+jAQaW1DTvKXQGBJ1av070Asg7vk="},"indexInfo":{"baseKey":"BQ041kIACcMU297+rS0i/Bgn+2Hwj4tg5hGfapMOl8AM","baseKeyType":1,"closed":-1,"used":1680034778034,"created":1680034778034,"remoteIdentityKey":"BcU4ZxJ1GJ0RCrLGSlmFpa7Qv1YF8rIVK5DdL1TH+WQB"},"_chains":{"BRsrIRmocIOaTrgEgscmdTA983CoiRjt0JsalX01exxr":{"chainKey":{"counter":0,"key":"o1j/S8dRPz3W7KhdSy/rcPTKgtmH+D6XD/Ia0mL3xRo="},"chainType":1,"messageKeys":{}}},"pendingPreKey":{"signedKeyId":1,"baseKey":"BQ041kIACcMU297+rS0i/Bgn+2Hwj4tg5hGfapMOl8AM","preKeyId":15997295}}},"version":"v1"}