{"_sessions":{"Bcdv1h5BtVfEMwtiqwb6j+HFB/tUbTZtAxqq8ygjlwwS":{"registrationId":1252814629,"currentRatchet":{"ephemeralKeyPair":{"pubKey":"BcJzsjCeXM0i8XwlKmgPZLg2mXbCyLx+LLZ2nU07LAR+","privKey":"KMxDCtZSUpMajvtchEzd5FzXtkDZMMl05mXjLc3YgXk="},"lastRemoteEphemeralKey":"BXO9GQ0oyg9r6TMWgTjEuZ6lx6zllDWn9dbjtEJzDct9","previousCounter":0,"rootKey":"JVq7VPT0fPliVbokrzwfyZ1UYF1wSZMhTTAwX+yGd7Q="},"indexInfo":{"baseKey":"Bcdv1h5BtVfEMwtiqwb6j+HFB/tUbTZtAxqq8ygjlwwS","baseKeyType":2,"closed":1680044417091,"used":1680037158534,"created":1680031995058,"remoteIdentityKey":"BRMz2UlZjKAwvf0am4mRuKVyqKnHgebip6hIatGRgxpK"},"_chains":{"BZ+NVF7AtZ1BlaAy77jL7JITEfJM2GiqDc45OO4i5NRs":{"chainKey":{"counter":0},"chainType":2,"messageKeys":{}},"BWswiwLqLf//62rp1R+wg8aZzCxDy9r5J5YlidEmjoU9":{"chainKey":{"counter":0},"chainType":2,"messageKeys":{}},"BZyWX63FL2dxHssMR3SfzOQPDYyO1tBU3fQSw9k4ijRO":{"chainKey":{"counter":0},"chainType":2,"messageKeys":{}},"BfULNgYVs1R+rOp0AoFN0rEkCqbs9KhCBOExVb+9cIAl":{"chainKey":{"counter":0},"chainType":2,"messageKeys":{}},"Ba32NA/HptQY1UUxHrJ15hU8wjBfOi7/7Agy6Zx0mjhd":{"chainKey":{"counter":0},"chainType":2,"messageKeys":{}},"BUHNQzAg3BUpykmG5/0MBza4W4f2eLvpq9M5o4MG+X5a":{"chainKey":{"counter":0},"chainType":2,"messageKeys":{}},"BYPANIxvxpfcPL5K0hSsxn6DFQocLg8glTTSl8mgUs4E":{"chainKey":{"counter":0},"chainType":2,"messageKeys":{}},"Bfn7QVFpmuya1kIxYARTQmQZmu2oMBVuzM4UiDXRu4xg":{"chainKey":{"counter":0},"chainType":2,"messageKeys":{}},"Bc5ObF0VN0JBaEPZPmNzPDN+0GXzU18ucR8ejK2p0PF4":{"chainKey":{"counter":0},"chainType":2,"messageKeys":{}},"BXitsc44albC+mSAYIUm1gsm+FP/DELS3gUHSiLeZ3Vr":{"chainKey":{"counter":1},"chainType":2,"messageKeys":{}},"BR7lIl/PMCK0+T0669yoK48Vn4IQ8FuJWMibeSpk8psS":{"chainKey":{"counter":0},"chainType":2,"messageKeys":{}},"BXO9GQ0oyg9r6TMWgTjEuZ6lx6zllDWn9dbjtEJzDct9":{"chainKey":{"counter":0,"key":"avQWeld4W/QYjIDihyKJ//4BU58ZN0rffdIRYHnRO8w="},"chainType":2,"messageKeys":{}},"BcJzsjCeXM0i8XwlKmgPZLg2mXbCyLx+LLZ2nU07LAR+":{"chainKey":{"counter":1,"key":"RrrbN14B5cjdtZjzHGOvX9FTy00PZCAhfM6tTYNjfXk="},"chainType":1,"messageKeys":{}}}},"BXuuB7+iaN0Q6Wv2a3qzmpRPyVSQhvYEB5wmI3js/dJa":{"registrationId":1252814629,"currentRatchet":{"ephemeralKeyPair":{"pubKey":"BVbNbiZftOkxIyMmm1WbE23RLxhT/3sItPib54odltVn","privKey":"UCC3Qlwt1cEQuI9Zz4JEEvbFFCEKEjoMsrKhDmw7834="},"lastRemoteEphemeralKey":"BU4OiRgbKiwMRZRUdrfzjQATrkpvLYZfUmO88mf1gvtx","previousCounter":1,"rootKey":"mv8+rjovzgBYOZWdJ4NlOcUJ61gU48SBQZxzu8cCpzg="},"indexInfo":{"baseKey":"BXuuB7+iaN0Q6Wv2a3qzmpRPyVSQhvYEB5wmI3js/dJa","baseKeyType":2,"closed":-1,"used":1680045640804,"created":1680044417098,"remoteIdentityKey":"BRMz2UlZjKAwvf0am4mRuKVyqKnHgebip6hIatGRgxpK"},"_chains":{"BUZfiUeZxA+wJ5bnqC9qGserxdz85IQPFh8ekXGrdMNl":{"chainKey":{"counter":0},"chainType":2,"messageKeys":{}},"BRT0yNmZXZKvkVhjNOOsc6oYIjAc5CzN4ETH+kYk7sB2":{"chainKey":{"counter":0},"chainType":2,"messageKeys":{}},"BT06xYrQRWItwCFd29QMgtuG95RDquVy6UqAx1If3h1A":{"chainKey":{"counter":0},"chainType":2,"messageKeys":{}},"BeUJ3XPoOxUO/Ef6W21oQXbwVopjix8y/r5C8nM0IWsd":{"chainKey":{"counter":0},"chainType":2,"messageKeys":{}},"BSUMVXXTjzcpYeX4U0IwXApHY+WiAJrdu/LYIhwpZmdY":{"chainKey":{"counter":0},"chainType":2,"messageKeys":{}},"BZx2k6pbQ1Lfrw9IGBVsrIZDznSi2BDyy/VR014uP38S":{"chainKey":{"counter":3},"chainType":2,"messageKeys":{}},"BZkRwPscsdq1qPnT8XBMkUw1pYKGpZkIF7QcTPpSkKc5":{"chainKey":{"counter":0},"chainType":2,"messageKeys":{}},"Bf1QG/fsioyqeDf+l4Zr3I48RHvrgfCLwope6JeKQiBD":{"chainKey":{"counter":0},"chainType":2,"messageKeys":{}},"Be617E+Hd62mNi9HMu8vm+R1s2syYox7suMX92Wn4Acc":{"chainKey":{"counter":0},"chainType":2,"messageKeys":{}},"BfaDoGh/CHuT8SiFKrssRUt3dY67SsUevDRTb3pvMZVj":{"chainKey":{"counter":0},"chainType":2,"messageKeys":{}},"Bdk1K9syMQAZeYUn5Ji/MB03nfBYfoS1tKF05ohtcVU0":{"chainKey":{"counter":0},"chainType":2,"messageKeys":{}},"Bfcj9BOhE+i5MZVaxwYpg7Yvvhu6viOt8D+rDgjBndMK":{"chainKey":{"counter":0},"chainType":2,"messageKeys":{}},"BU4OiRgbKiwMRZRUdrfzjQATrkpvLYZfUmO88mf1gvtx":{"chainKey":{"counter":0,"key":"I+34IKLDbjQ0+0/iYCl/BVZiSThuEwwqAdvgediE6Ac="},"chainType":2,"messageKeys":{}},"BVbNbiZftOkxIyMmm1WbE23RLxhT/3sItPib54odltVn":{"chainKey":{"counter":1,"key":"ERDbqVFuKjwJ0s2vWFiiN17zp18u+t2Iolc7D5ZPDWY="},"chainType":1,"messageKeys":{}}}}},"version":"v1"}